tt0068646,The Godfather
tt0071562,The Godfather: Part II
tt0056172,Lawrence of Arabia
tt0094889,Cocktail
tt0092086,¡Three Amigos!
tt0088161,Splash
tt0086250,Scarface
tt0091790,Pretty in Pink
tt0093894,The Running Man
tt0075860,Close Encounters of the Third Kind
tt0064116,Once Upon a Time in the West
tt0061578,The Dirty Dozen
tt0089755,Out of Africa
tt0090305,Weird Science
tt0063522,Rosemary's Baby
tt0054215,Psycho
tt0032976,Rebecca
tt0038787,Notorious
tt0050212,The Bridge on the River Kwai
tt0059113,Doctor Zhivago
tt0092005,Stand by Me
tt0091763,Platoon
tt0083987,Gandhi
tt0102798,Robin Hood: Prince of Thieves
tt0089218,The Goonies
tt0101761,The Doors
tt0079944,Stalker
tt0046250,Roman Holiday
tt0095765,Cinema Paradiso
tt0040746,Rope
tt0084787,The Thing
tt0102926,The Silence of the Lambs
tt0071360,The Conversation
tt0103064,Terminator 2: Judgment Day
tt0093409,Lethal Weapon
tt0052357,Vertigo
tt0088763,Back to the Future
tt0086960,Beverly Hills Cop
tt0101393,Backdraft
tt0093437,The Lost Boys
tt0083658,Blade Runner
tt0084805,Tootsie
tt0093010,Fatal Attraction
tt0102685,Point Break
tt0068473,Deliverance
tt0103074,Thelma & Louise
tt0097958,Christmas Vacation
tt0086200,Risky Business
tt0082694,Mad Max 2
tt0092099,Top Gun
tt0076666,Saturday Night Fever
tt0080761,Friday the 13th
tt0094721,Beetlejuice
tt0072890,Dog Day Afternoon
tt0047396,Rear Window
tt0102059,Hot Shots!
tt0368447,The Village
tt0120784,Payback
tt0335345,The Passion of the Christ
tt1229340,Anchorman 2: The Legend Continues
tt1234721,RoboCop
tt0311289,Holes
tt0302886,Old School
tt0115734,Bottle Rocket
tt0423977,Charlie Bartlett
tt0088128,Sixteen Candles
tt0112697,Clueless
tt1706620,Snowpiercer
tt1937390,Nymphomaniac: Vol. I
tt0822832,Marley & Me
tt0359950,The Secret Life of Walter Mitty
tt0058385,My Fair Lady
tt0265208,The Girl Next Door
tt1135503,Julie & Julia
tt1335975,47 Ronin
tt0095631,Midnight Run
tt0993846,The Wolf of Wall Street
tt0113277,Heat
tt0112462,Batman Forever
tt0477348,No Country for Old Men
tt1074638,Skyfall
tt0381061,Casino Royale
tt1253863,300: Rise of an Empire
tt0360717,King Kong
tt0441773,Kung Fu Panda
tt1298650,Pirates of the Caribbean: On Stranger Tides
tt0259711,Vanilla Sky
tt0117060,Mission: Impossible
tt0418279,Transformers
tt1399103,Transformers: Dark of the Moon
tt1000774,Sex and the City
tt0086879,Amadeus
tt0091042,Ferris Bueller's Day Off
tt0096874,Back to the Future Part II
tt0212985,Hannibal
tt1345836,The Dark Knight Rises
tt1375666,Inception
tt1276104,Looper
tt0167404,The Sixth Sense
tt0212720,A.I. Artificial Intelligence
tt0988045,Sherlock Holmes
tt0848228,Avengers Assemble
tt0335266,Lost in Translation
tt0107048,Groundhog Day
tt0111161,The Shawshank Redemption
tt1024648,Argo
tt0840361,The Town
tt0482571,The Prestige
tt0468569,The Dark Knight
tt0388795,Brokeback Mountain
tt0246578,Donnie Darko
tt0118884,Contact
tt0078748,Alien
tt0090605,Aliens
tt0434409,V for Vendetta
tt0133093,The Matrix
tt0111257,Speed
tt1454468,Gravity
tt0240772,Ocean's Eleven
tt0361748,Inglourious Basterds
tt0368891,National Treasure
tt0113627,Leaving Las Vegas
tt0164052,Hollow Man
tt0112384,Apollo 13
tt0120338,Titanic
tt0338013,Eternal Sunshine of the Spotless Mind
tt0372784,Batman Begins
tt0325710,The Last Samurai
tt1217209,Brave
tt1403865,True Grit
tt0118715,The Big Lebowski
tt0116282,Fargo
tt0095647,Mississippi Burning
tt0145487,Spider-Man
tt0316654,Spider-Man 2
tt0413300,Spider-Man 3
tt0758746,Friday the 13th
tt0458352,The Devil Wears Prada
tt1707386,Les Misérables
tt1504320,The King's Speech
tt0314331,Love Actually
tt0276751,About a Boy
tt1588173,Warm Bodies
tt1464540,I Am Number Four
tt0337978,Die Hard 4.0
tt0384793,Accepted
tt1232829,21 Jump Street
tt2334879,White House Down
tt0099348,Dances with Wolves
tt0120689,The Green Mile
tt0401792,Sin City
tt1125849,The Wrestler
tt1189340,The Lincoln Lawyer
tt0418689,Flags of Our Fathers
tt0120815,Saving Private Ryan
tt0258463,The Bourne Identity
tt0130827,Run Lola Run
tt0250258,Das Experiment
tt0816442,The Book Thief
tt0325980,Pirates of the Caribbean: The Curse of the Black Pearl
tt0120737,The Lord of the Rings: The Fellowship of the Ring
tt0167260,The Lord of the Rings: The Return of the King
tt0399146,A History of Violence
tt0268978,A Beautiful Mind
tt0180093,Requiem for a Dream
tt0181689,Minority Report
tt0183649,Phone Booth
tt0478134,In the Valley of Elah
tt1446714,Prometheus
tt1132620,The Girl with the Dragon Tattoo
tt0120915,Star Wars: Episode I - The Phantom Menace
tt0121766,Star Wars: Episode III - Revenge of the Sith
tt0121765,Star Wars: Episode II - Attack of the Clones
tt0947798,Black Swan
tt0126029,Shrek
tt0145660,Austin Powers: The Spy Who Shagged Me
tt1119646,The Hangover
tt1231583,Due Date
tt0945513,Source Code
tt1457767,The Conjuring
tt1591095,Insidious
tt1270798,X-Men: First Class
tt0493464,Wanted
tt0824747,Changeling
tt0296572,The Chronicles of Riddick
tt1905041,Fast & Furious 6
tt0232500,The Fast and the Furious
tt0499549,Avatar
tt0800320,Clash of the Titans
tt0108052,Schindler's List
tt1201607,Harry Potter and the Deathly Hallows: Part 2
tt0304141,Harry Potter and the Prisoner of Azkaban
tt0926084,Harry Potter and the Deathly Hallows: Part 1
tt0295297,Harry Potter and the Chamber of Secrets
tt0241527,Harry Potter and the Philosopher's Stone
tt0172495,Gladiator
tt0076759,Star Wars: Episode IV - A New Hope
tt0080684,Star Wars: Episode V - The Empire Strikes Back
tt0086190,Star Wars: Episode VI - Return of the Jedi
tt0100502,RoboCop 2
tt0093870,RoboCop
tt0074285,Carrie
tt0054997,The Hustler
tt0243155,Bridget Jones's Diary
tt0195714,Final Destination
tt0309593,Final Destination 2
tt0251160,John Q
tt0765429,American Gangster
tt2024544,12 Years a Slave
tt0898367,The Road
tt1228987,Let Me In
tt0790724,Jack Reacher
tt0414387,Pride & Prejudice
tt0383574,Pirates of the Caribbean: Dead Man's Chest
tt0449088,Pirates of the Caribbean: At World's End
tt0099487,Edward Scissorhands
tt0352248,Cinderella Man
tt1723121,We're the Millers
tt0318627,Resident Evil: Apocalypse
tt0119116,The Fifth Element
tt0110413,Léon
tt0120685,Godzilla
tt0319262,The Day After Tomorrow
tt0443274,Vantage Point
tt0088847,The Breakfast Club
tt0099653,Ghost
tt0092890,Dirty Dancing
tt0299658,Chicago
tt0362227,The Terminal
tt0970179,Hugo
tt1731141,Ender's Game
tt0175880,Magnolia
tt0050083,12 Angry Men
tt0033467,Citizen Kane
tt0041959,The Third Man
tt0110357,The Lion King
tt0112864,Die Hard: With a Vengeance
tt1853728,Django Unchained
tt0266697,Kill Bill: Vol. 1
tt0206634,Children of Men
tt0245574,Y Tu Mamá También
tt0464141,The Orphanage
tt0245712,Amores Perros
tt0246460,Die Another Day
tt0289043,28 Days Later...
tt1217613,Battle Los Angeles
tt0796366,Star Trek
tt1408101,Star Trek Into Darkness
tt1615147,Margin Call
tt1392170,The Hunger Games
tt1951264,The Hunger Games: Catching Fire
tt0120789,Pleasantville
tt0119094,Face/Off
tt0299977,Hero
tt0342258,Unleashed
tt0096438,Who Framed Roger Rabbit
tt0087800,A Nightmare on Elm Street
tt0329101,Freddy vs. Jason
tt0290334,X-Men 2
tt0164912,Stuart Little
tt0096895,Batman
tt0119488,L.A. Confidential
tt0209144,Memento
tt0078788,Apocalypse Now
tt0099674,The Godfather: Part III
tt0117381,Primal Fear
tt0100405,Pretty Woman
tt0125439,Notting Hill
tt0311113,Master and Commander: The Far Side of the World
tt1935179,Mud
tt0478304,The Tree of Life
tt1790885,Zero Dark Thirty
tt1291584,Warrior
tt0120863,The Thin Red Line
tt0242653,The Matrix Revolutions
tt0234215,The Matrix Reloaded
tt0795368,Death at a Funeral
tt1781769,Anna Karenina
tt1250777,Kick-Ass
tt0486655,Stardust
tt1046173,G.I. Joe: The Rise of Cobra
tt0381707,White Chicks
tt0257106,Scary Movie 2
tt0046912,Dial M for Murder
tt0038650,It's a Wonderful Life
tt0272020,The Last Castle
tt0099685,Goodfellas
tt0112641,Casino
tt0212338,Meet the Parents
tt0290002,Meet the Fockers
tt1327194,The Lucky One
tt0974661,17 Again
tt0190138,The Whole Nine Yards
tt0276919,Dogville
tt0056592,To Kill a Mockingbird
tt0042192,All About Eve
tt0052311,Touch of Evil
tt0454876,Life of Pi
tt0358273,Walk the Line
tt1596350,This Means War
tt0407304,War of the Worlds
tt0387877,The Black Dahlia
tt0265086,Black Hawk Down
tt0369339,Collateral
tt1152836,Public Enemies
tt0463854,28 Weeks Later
tt0887912,The Hurt Locker
tt0405159,Million Dollar Baby
tt0375679,Crash
tt1300854,Iron Man 3
tt0373469,Kiss Kiss Bang Bang
tt0292506,The Recruit
tt0200465,The Bank Job
tt0149261,Deep Blue Sea
tt0884328,The Mist
tt0758758,Into the Wild
tt0264464,Catch Me If You Can
tt0367882,Indiana Jones and the Kingdom of the Crystal Skull
tt0217505,Gangs of New York
tt0469494,There Will Be Blood
tt0449059,Little Miss Sunshine
tt0467406,Juno
tt0424136,Hard Candy
tt0838283,Step Brothers
tt0415306,Talladega Nights: The Ballad of Ricky Bobby
tt0443453,Borat: Cultural Learnings of America for Make Benefit Glorious Nation of Kazakhstan
tt1655442,The Artist
tt0480025,This Is England
tt1020530,Eden Lake
tt1907668,Flight
tt2369135,Need for Speed
tt0120660,Enemy of the State
tt0328107,Man on Fire
tt0955308,Robin Hood
tt0480249,I Am Legend
tt0317248,City of God
tt0118617,Anastasia
tt0108160,Sleepless in Seattle
tt0110478,Maverick
tt0387564,Saw
tt0093779,The Princess Bride
tt0285531,Dreamcatcher
tt0277371,Not Another Teen Movie
tt0071230,Blazing Saddles
tt0111282,Stargate
tt0084726,Star Trek II: The Wrath of Khan
tt0117731,Star Trek: First Contact
tt0120844,Star Trek: Insurrection
tt0114388,Sense and Sensibility
tt0109831,Four Weddings and a Funeral
tt0147800,10 Things I Hate About You
tt0440963,The Bourne Ultimatum
tt1646987,Wrath of the Titans
tt0086034,Octopussy
tt0076752,The Spy Who Loved Me
tt0073195,Jaws
tt0067116,The French Connection
tt0070047,The Exorcist
tt0061184,Who's Afraid of Virginia Woolf?
tt0417148,Snakes on a Plane
tt0099088,Back to the Future Part III
tt1041829,The Proposal
tt1133985,Green Lantern
tt0418763,Jarhead
tt0463985,The Fast and the Furious: Tokyo Drift
tt0114709,Toy Story
tt0317219,Cars
tt0119217,Good Will Hunting
tt0097165,Dead Poets Society
tt1033575,The Descendants
tt2388715,Oculus
tt1371111,Cloud Atlas
tt0903624,The Hobbit: An Unexpected Journey
tt1170358,The Hobbit: The Desolation of Smaug
tt0167261,The Lord of the Rings: The Two Towers
tt0268380,Ice Age
tt0358082,Robots
tt1436562,Rio
tt1491044,The Iceman
tt0770828,Man of Steel
tt1253864,Immortals
tt0460791,The Fall
tt0425112,Hot Fuzz
tt0365748,Shaun of the Dead
tt1092026,Paul
tt1245492,This Is the End
tt1542344,127 Hours
tt0120382,The Truman Show
tt0119177,Gattaca
tt0425061,Get Smart
tt0221027,Blow
tt0082096,Das Boot
tt0363163,Downfall
tt1979320,Rush
tt0301357,Good Bye Lenin!
tt0056801,8½
tt0087182,Dune
tt0375063,Sideways
tt0443543,The Illusionist
tt1219289,Limitless
tt1045658,Silver Linings Playbook
tt1800241,American Hustle
tt0461770,Enchanted
tt0120903,X-Men
tt0322259,2 Fast 2 Furious
tt0134847,Pitch Black
tt0106977,The Fugitive
tt0293508,The Phantom of the Opera
tt1013753,Milk
tt0315733,21 Grams
tt0114814,The Usual Suspects
tt0106489,A Bronx Tale
tt0120647,Deep Impact
tt0223897,Pay It Forward
tt1764651,The Expendables 2
tt0075148,Rocky
tt0075686,Annie Hall
tt0070666,Serpico
tt0094226,The Untouchables
tt0055928,Dr. No
tt0057012,Dr. Strangelove or: How I Learned to Stop Worrying and Love the Bomb
tt0066206,Patton
tt0356721,I Heart Huckabees
tt0128445,Rushmore
tt1174732,An Education
tt0307987,Bad Santa
tt0120591,Armageddon
tt0120755,Mission: Impossible II
tt0454921,The Pursuit of Happyness
tt1155076,The Karate Kid
tt0402399,The New World
tt1049413,Up
tt0100802,Total Recall
tt0093773,Predator
tt0100403,Predator 2
tt0120669,Fear and Loathing in Las Vegas
tt0071853,Monty Python and the Holy Grail
tt0079470,Life of Brian
tt0095159,A Fish Called Wanda
tt0111503,True Lies
tt0378109,Into the Blue
tt0499448,The Chronicles of Narnia: Prince Caspian
tt0980970,The Chronicles of Narnia: The Voyage of the Dawn Treader
tt0120783,The Parent Trap
tt0389790,Bee Movie
tt0327084,Over the Hedge
tt0129387,There's Something About Mary
tt0113189,GoldenEye
tt0106582,Cliffhanger
tt0160127,Charlie's Angels
tt0117571,Scream
tt0363547,Dawn of the Dead
tt0443706,Zodiac
tt0114369,Se7en
tt0097239,Driving Miss Daisy
tt0087332,Ghostbusters
tt0097428,Ghostbusters II
tt0080455,The Blues Brothers
tt0110475,The Mask
tt0116213,Eraser
tt0430105,Four Brothers
tt1104001,TRON: Legacy
tt1483013,Oblivion
tt1010048,Slumdog Millionaire
tt0367594,Charlie and the Chocolate Factory
tt1068680,Yes Man
tt0319343,Elf
tt1499658,Horrible Bosses
tt0479884,Crank
tt0289879,The Butterfly Effect
tt0901476,Bride Wars
tt0251127,How to Lose a Guy in 10 Days
tt0453467,Deja Vu
tt1229238,Mission: Impossible - Ghost Protocol
tt0382932,Ratatouille
tt0266543,Finding Nemo
tt2294629,Frozen
tt0814314,Seven Pounds
tt0382625,The Da Vinci Code
tt0211915,Amélie
tt0113247,La Haine
tt0963178,The International
tt0119174,The Game
tt0384537,Silent Hill
tt0120744,The Man in the Iron Mask
tt0094947,Dangerous Liaisons
tt0116996,Mars Attacks!
tt0121164,Corpse Bride
tt0159365,Cold Mountain
tt0116209,The English Patient
tt0381681,Before Sunset
tt0097576,Indiana Jones and the Last Crusade
tt0097733,Lethal Weapon 2
tt0099785,Home Alone
tt0104431,Home Alone 2: Lost in New York
tt0098554,Uncle Buck
tt0088258,This Is Spinal Tap
tt0417741,Harry Potter and the Half-Blood Prince
tt0162661,Sleepy Hollow
tt0092965,Empire of the Sun
tt0138097,Shakespeare in Love
tt0215750,Enemy at the Gates
tt0118583,Alien: Resurrection
tt0167190,Hellboy
tt0411477,Hellboy II: The Golden Army
tt0780504,Drive
tt1602613,Only God Forgives
tt1981115,Thor 2: The Dark World
tt0800369,Thor
tt0985699,Valkyrie
tt0389557,Black Book
tt0405094,The Lives of Others
tt0976051,The Reader
tt0274558,The Hours
tt0120616,The Mummy
tt0209163,The Mummy Returns
tt0376541,Closer
tt1515091,Sherlock Holmes: A Game of Shadows
tt0139654,Training Day
tt1535109,Captain Phillips
tt1007028,Zack and Miri Make a Porno
tt0910936,Pineapple Express
tt0805564,Lars and the Real Girl
tt1438176,Fright Night
tt0438488,Terminator Salvation
tt0181852,Terminator 3: Rise of the Machines
tt0120663,Eyes Wide Shut
tt0117998,Twister
tt0095016,Die Hard
tt0099423,Die Hard 2
tt0489099,Jumper
tt0983193,The Adventures of Tintin: The Secret of the Unicorn
tt1318514,Rise of the Planet of the Apes
tt0332452,Troy
tt0408306,Munich
tt0401383,The Diving Bell and the Butterfly
tt0830515,Quantum of Solace
tt0816711,World War Z
tt0458339,Captain America: The First Avenger
tt0298148,Shrek 2
tt0101414,Beauty and the Beast
tt0072431,Young Frankenstein
tt0057115,The Great Escape
tt0107290,Jurassic Park
tt0163025,Jurassic Park III
tt0090756,Blue Velvet
tt0166924,Mulholland Drive
tt1616195,J. Edgar
tt1210819,The Lone Ranger
tt0959337,Revolutionary Road
tt0257044,Road to Perdition
tt0870111,Frost/Nixon
tt0142688,The Ninth Gate
tt0253474,The Pianist
tt0144084,American Psycho
tt0409182,Poseidon
tt0070328,Live and Let Die
tt0094012,Spaceballs
tt0119738,My Best Friend's Wedding
tt0137494,Entrapment
tt0298814,The Core
tt0124315,The Cider House Rules
tt0241303,Chocolat
tt0082971,Raiders of the Lost Ark
tt0446029,Scott Pilgrim vs. the World
tt0829482,Superbad
tt0892769,How to Train Your Dragon
tt0120762,Mulan
tt0173840,Final Fantasy: The Spirits Within
tt0119643,Meet Joe Black
tt0385002,Green Street
tt1663662,Pacific Rim
tt1314655,Devil
tt0497465,Vicky Cristina Barcelona
tt1605783,Midnight in Paris
tt0257360,About Schmidt
tt1623205,Oz the Great and Powerful
tt0139239,Go
tt0116695,Jerry Maguire
tt0119822,As Good as It Gets
tt0128853,You've Got Mail
tt0032138,The Wizard of Oz
tt0056193,Lolita
tt0031679,Mr. Smith Goes to Washington
tt0280590,Mr. Deeds
tt2191701,Grown Ups 2
tt0113118,Friday
tt1397280,Taken 2
tt0800080,The Incredible Hulk
tt0436697,The Queen
tt0320661,Kingdom of Heaven
tt0407887,The Departed
tt0338564,Infernal Affairs
tt1220719,Ip Man
tt0347149,Howl's Moving Castle
tt0435651,The Giver
tt0107822,The Piano
tt0317705,The Incredibles
tt0084516,Poltergeist
tt0104797,Malcolm X
tt0454848,Inside Man
tt0477347,Night at the Museum
tt1058017,The Invention of Lying
tt0120768,The Negotiator
tt0120587,Antz
tt0351283,Madagascar
tt1001526,Megamind
tt0083866,E.T. the Extra-Terrestrial
tt0110322,Legends of the Fall
tt1192628,Rango
tt0055614,West Side Story
tt0048545,Rebel Without a Cause
tt1821549,Nebraska
tt0105323,Scent of a Woman
tt0077651,Halloween
tt0756683,The Man from Earth
tt0054047,The Magnificent Seven
tt0059742,The Sound of Music
tt0120188,Three Kings
tt0047296,On the Waterfront
tt0120484,The Waterboy
tt0389860,Click
tt0315327,Bruce Almighty
tt0413099,Evan Almighty
tt0405422,The 40 Year-Old Virgin
tt0373074,Kung Fu Hustle
tt0120347,Tomorrow Never Dies
tt0088846,Brazil
tt0780571,Mr. Brooks
tt0118929,Dark City
tt0462538,The Simpsons Movie
tt0056869,The Birds
tt0055254,101 Dalmatians
tt1748122,Moonrise Kingdom
tt0053604,The Apartment
tt0053291,Some Like It Hot
tt0078346,Superman
tt1334260,Never Let Me Go
tt0265459,One Hour Photo
tt0330373,Harry Potter and the Goblet of Fire
tt0481499,The Croods
tt0837562,Hotel Transylvania
tt0112431,Babe
tt2334873,Blue Jasmine
tt0401729,John Carter
tt1440129,Battleship
tt1564367,Just Go with It
tt0116483,Happy Gilmore
tt0145681,The Bone Collector
tt2053463,Side Effects
tt1568346,The Girl with the Dragon Tattoo
tt0398808,Bridge to Terabithia
tt0371724,The Hitchhiker's Guide to the Galaxy
tt0317740,The Italian Job
tt0066026,M.A.S.H.
tt0349903,Ocean's Twelve
tt1385826,The Adjustment Bureau
tt0393109,Brick
tt0090329,Witness
tt0910970,WALL·E
tt1453405,Monsters University
tt1216475,Cars 2
tt0140352,The Insider
tt0109830,Forrest Gump
tt0096969,Born on the Fourth of July
tt0822854,Shooter
tt0834001,Underworld: Rise of the Lycans
tt1496025,Underworld: Awakening
tt1478338,Bridesmaids
tt1690953,Despicable Me 2
tt1323594,Despicable Me
tt0800039,Forgetting Sarah Marshall
tt0369441,Fun with Dick and Jane
tt0177789,Galaxy Quest
tt0435761,Toy Story 3
tt0120363,Toy Story 2
tt0098258,Say Anything...
tt1683526,Detachment
tt1735898,Snow White and the Huntsman
tt1099212,Twilight
tt1673434,The Twilight Saga: Breaking Dawn - Part 2
tt0443489,Dreamgirls
tt0295178,Austin Powers in Goldmember
tt1637725,Ted
tt0146882,High Fidelity
tt0427944,Thank You for Smoking
tt0404390,Running Scared
tt0146838,Any Given Sunday
tt0102138,JFK
tt0110632,Natural Born Killers
tt0159273,Behind Enemy Lines
tt0467197,Max Payne
tt1078940,Couples Retreat
tt0409459,Watchmen
tt1179056,A Nightmare on Elm Street
tt0479143,Rocky Balboa
tt1320253,The Expendables
tt0462499,Rambo
tt0233469,Collateral Damage
tt0119396,Jackie Brown
tt0371746,Iron Man
tt0409847,Cowboys & Aliens
tt1872181,The Amazing Spider-Man 2
tt1022603,500 Days of Summer
tt0054331,Spartacus
tt1430132,The Wolverine
tt1386703,Total Recall
tt0401855,Underworld: Evolution
tt0320691,Underworld
tt0380510,The Lovely Bones
tt0878804,The Blind Side
tt0114069,Outbreak
tt1602620,Amour
tt1711425,21 & Over
tt1714206,The Spectacular Now
tt0414982,Final Destination 3
tt0453562,42
tt0327056,Mystic River
tt0452623,Gone Baby Gone
tt1470827,Monsters
tt1156398,Zombieland
tt1321870,Gangster Squad
tt0103644,Alien 3
tt0107362,Last Action Hero
tt0187738,Blade II
tt0120611,Blade
tt1117385,Felon
tt0187078,Gone in Sixty Seconds
tt0386117,Where the Wild Things Are
tt1366344,The Sitter
tt0981227,Nick and Norah's Infinite Playlist
tt0366551,Harold & Kumar Get the Munchies
tt0481536,Harold & Kumar Escape from Guantanamo Bay
tt0119567,The Lost World: Jurassic Park
tt0117509,Romeo + Juliet
tt1343092,The Great Gatsby
tt0455824,Australia
tt0458525,X-Men Origins: Wolverine
tt0307901,25th Hour
tt0379725,Capote
tt0250494,Legally Blonde
tt0478087,21
tt0445922,Across the Universe
tt0120679,Frida
tt0081505,The Shining
tt0079522,Manhattan
tt0478311,Knocked Up
tt0430922,Role Models
tt0328828,American Wedding
tt0163651,American Pie
tt0252866,American Pie 2
tt1605630,American Reunion
tt1268799,A Very Harold & Kumar 3D Christmas
tt1059786,Eagle Eye
tt0486822,Disturbia
tt1778304,Paranormal Activity 3
tt0108037,The Sandlot Kids
tt0093058,Full Metal Jacket
tt0066921,A Clockwork Orange
tt0072684,Barry Lyndon
tt0049730,The Searchers
tt0080339,Airplane!
tt0120780,Out of Sight
tt0381849,3:10 to Yuma
tt0036775,Double Indemnity
tt0080678,The Elephant Man
tt0061722,The Graduate
tt0064115,Butch Cassidy and the Sundance Kid
tt0064665,Midnight Cowboy
tt1611224,Abraham Lincoln: Vampire Hunter
tt1270262,The Devil's Double
tt1527186,Melancholia
tt0168629,Dancer in the Dark
tt1212419,Hereafter
tt0286106,Signs
tt0217869,Unbreakable
tt0183523,Mission to Mars
tt0448694,Puss in Boots
tt0138749,The Road to El Dorado
tt0350258,Ray
tt0118971,The Devil's Advocate
tt0123755,Cube
tt0181875,Almost Famous
tt0119698,Princess Mononoke
tt0087544,Nausicaä of the Valley of the Wind
tt0876563,Ponyo
tt0293564,Rush Hour 3
tt1877832,X-Men: Days of Future Past
tt0097216,Do the Right Thing
tt0117913,A Time to Kill
tt0790636,Dallas Buyers Club
tt1456635,Goon
tt0110912,Pulp Fiction
tt0442933,Beowulf
tt0074119,All the President's Men
tt0918927,Doubt
tt1126591,Burlesque
tt0203009,Moulin Rouge!
tt0103855,The Bodyguard
tt1091722,Adventureland
tt0399295,Lord of War
tt0097778,Look Who's Talking
tt0151804,Office Space
tt2226417,Insidious: Chapter 2
tt0065421,The AristoCats
tt0061852,The Jungle Book
tt1596343,Fast & Furious 5
tt1583421,G.I. Joe: Retaliation
tt0120794,The Prince of Egypt
tt0120630,Chicken Run
tt0327597,Coraline
tt1582507,House at the End of the Street
tt1341167,Four Lions
tt1131729,The Boat That Rocked
tt2194499,About Time
tt2820852,Fast & Furious 7
tt1855199,End of Watch
tt1981677,Pitch Perfect
tt0455967,John Tucker Must Die
tt0298130,The Ring
tt1055369,Transformers: Revenge of the Fallen
tt1013752,Fast & Furious
tt0295701,xXx
tt0372183,The Bourne Supremacy
tt0268126,Adaptation.
tt1798709,Her
tt0107688,The Nightmare Before Christmas
tt0092991,Evil Dead II
tt0349205,Cheaper by the Dozen
tt0356470,A Cinderella Story
tt0081398,Raging Bull
tt0122690,Ronin
tt1650554,Kick-Ass 2
tt0295700,Wrong Turn
tt0204946,Bring It On
tt1226229,Get Him to the Greek
tt1482459,The Lorax
tt0451079,Horton Hears a Who!
tt0070608,Robin Hood
tt0357413,Anchorman: The Legend of Ron Burgundy
tt1667889,Ice Age: Continental Drift
tt1080016,Ice Age: Dawn of the Dinosaurs
tt0387808,Idiocracy
tt1385867,Cop Out
tt0261392,Jay and Silent Bob Strike Back
tt0109445,Clerks
tt0424345,Clerks II
tt0120655,Dogma
tt0096928,Bill & Ted's Excellent Adventure
tt0143145,The World Is Not Enough
tt1598778,Contagion
tt1800246,That Awkward Moment
tt1706593,Chronicle
tt1285016,The Social Network
tt0104257,A Few Good Men
tt1840309,Divergent
tt1716772,The Inbetweeners Movie
tt0207201,What Women Want
tt0457939,The Holiday
tt0337741,Something's Gotta Give
tt0360486,Constantine
tt0450259,Blood Diamond
tt0399201,The Island
tt1045772,I Love You Phillip Morris
tt1758830,This Is 40
tt1204342,The Muppets
tt0432283,Fantastic Mr. Fox
tt2278388,The Grand Budapest Hotel
tt0071807,The Man with the Golden Gun
tt0117951,Trainspotting
tt0113243,Hackers
tt0272152,K-PAX
tt2229499,Don Jon
tt0443272,Lincoln
tt0101272,The Addams Family
tt0265666,The Royal Tenenbaums
tt0838221,The Darjeeling Limited
tt0109040,Ace Ventura: Pet Detective
tt0151738,Never Been Kissed
tt0172156,Bad Boys II
tt0892791,Shrek Forever After
tt0105793,Wayne's World
tt0106677,Dazed and Confused
tt1065073,Boyhood
tt0369702,The Sea Inside
tt0287467,Talk to Her
tt0125659,Open Your Eyes
tt0978764,Sucker Punch
tt2101441,Spring Breakers
tt0889583,Brüno
tt0340855,Monster
tt1632708,Friends with Benefits
tt2132285,The Bling Ring
tt0817177,Flipped
tt0087928,Police Academy
tt0101921,Fried Green Tomatoes at the Whistle Stop Cafe
tt1034331,Righteous Kill
tt0970866,Little Fockers
tt0137523,Fight Club
tt1182345,Moon
tt1216492,Leap Year
tt0416320,Match Point
tt0286499,Bend It Like Beckham
tt0780536,In Bruges
tt0112573,Braveheart
tt0079116,Escape from Alcatraz
tt0455590,The Last King of Scotland
tt0120902,The X Files
tt1197624,Law Abiding Citizen
tt0101507,Boyz n the Hood
tt0162650,Shaft
tt0454841,The Hills Have Eyes
tt0094737,Big
tt0087843,Once Upon a Time in America
tt0208092,Snatch.
tt0073629,The Rocky Horror Picture Show
tt0116583,The Hunchback of Notre Dame
tt0103639,Aladdin
tt1428538,Hansel & Gretel: Witch Hunters
tt0473075,Prince of Persia: The Sands of Time
tt1670345,Now You See Me
tt0475394,Smokin' Aces
tt0240890,Serendipity
tt0401445,A Good Year
tt0457400,Land of the Lost
tt1240982,Your Highness
tt2294449,22 Jump Street
tt1490017,The Lego Movie
tt0462590,Step Up
tt1862079,Safety Not Guaranteed
tt0396555,Meet the Robinsons
tt0377109,The Ring 2
tt0324216,The Texas Chainsaw Massacre
tt0103776,Batman Returns
tt0106697,Demolition Man
tt0058150,Goldfinger
tt0081573,Superman II
tt1142988,The Ugly Truth
tt1032755,RocknRolla
tt0473705,State of Play
tt1034389,The Eagle
tt1915581,Magic Mike
tt0116629,Independence Day
tt0116922,Lost Highway
tt0105665,Twin Peaks: Fire Walk with Me
tt0263488,Jeepers Creepers
tt1226273,Edge of Darkness
tt0185937,The Blair Witch Project
tt0218967,The Family Man
tt0251075,Evolution
tt0230030,Bedazzled
tt0118655,Austin Powers: International Man of Mystery
tt0122933,Analyze This
tt0098635,When Harry Met Sally...
tt0102492,My Girl
tt0104070,Death Becomes Her
tt0298203,8 Mile
tt0333766,Garden State
tt0210945,Remember the Titans
tt1343727,Dredd
tt1193138,Up in the Air
tt1288558,Evil Dead
tt0960144,You Don't Mess with the Zohan
tt1375670,Grown Ups
tt0306047,Scary Movie 3
tt0844471,Cloudy with a Chance of Meatballs
tt1636826,Project X
tt1951261,The Hangover Part III
tt1411697,The Hangover Part II
tt0362120,Scary Movie 4
tt0238380,Equilibrium
tt0118880,Con Air
tt0146316,Lara Croft: Tomb Raider
tt1659337,The Perks of Being a Wallflower
tt0814255,Percy Jackson & the Lightning Thief
tt0481369,The Number 23
tt1854564,Percy Jackson: Sea of Monsters
tt0942385,Tropic Thunder
tt0122718,Small Soldiers
tt0120917,The Emperor's New Groove
tt0082406,The Fox and the Hound
tt0058331,Mary Poppins
tt0063442,Planet of the Apes
tt0044081,A Streetcar Named Desire
tt0031381,Gone with the Wind
tt0065214,The Wild Bunch
tt0133152,Planet of the Apes
tt0162222,Cast Away
tt0356910,Mr. & Mrs. Smith
tt1194173,The Bourne Legacy
tt1655460,Wanderlust
tt0100157,Misery
tt0359013,Blade: Trinity
tt0482572,Pride and Glory
tt0404203,Little Children
tt0887883,Burn After Reading
tt1131734,Jennifer's Body
tt0795421,Mamma Mia!
tt1486185,Red Riding Hood
tt0328538,Thirteen
tt0831387,Godzilla
tt0120804,Resident Evil
tt0452608,Death Race
tt0370263,AVP: Alien vs. Predator
tt0088247,The Terminator
tt0113492,Judge Dredd
tt0093428,The Living Daylights
tt1634122,Johnny English Reborn
tt0862856,Trick 'r Treat
tt0948470,The Amazing Spider-Man
tt0120102,Seven Years in Tibet
tt1190080,2012
tt1226753,The Debt
tt1412386,The Best Exotic Marigold Hotel
tt0097351,Field of Dreams
tt0195685,Erin Brockovich
tt0319061,Big Fish
tt0480687,Hall Pass
tt0109686,Dumb & Dumber
tt0256380,Shallow Hal
tt1228705,Iron Man 2
tt0414993,The Fountain
tt0393162,Coach Carter
tt0416315,Wolf Creek
tt1213663,The World's End
tt1446192,Rise of the Guardians
tt0119654,Men in Black
tt0120912,Men in Black II
tt0364725,Dodgeball: A True Underdog Story
tt0159097,The Virgin Suicides
tt1587310,Maleficent
tt1136608,District 9
tt0395169,Hotel Rwanda
tt1037705,The Book of Eli
tt1714915,Only Lovers Left Alive
tt1014759,Alice in Wonderland
tt0043274,Alice in Wonderland
tt0051201,Witness for the Prosecution
tt0378194,Kill Bill: Vol. 2
tt0119008,Donnie Brasco
tt1682180,Stoker
tt0364569,Oldboy
tt1588170,I Saw the Devil
tt0377471,Be Cool
tt0489270,Saw III
tt0432348,Saw II
tt0408790,Flightplan
tt1245526,RED
tt1821694,RED 2
tt0462465,Outlander
tt0096754,The Abyss
tt0499556,War
tt0398165,The Longest Yard
tt0343660,50 First Dates
tt0388482,Transporter 2
tt0386588,Hitch
tt1817273,The Place Beyond the Pines
tt1120985,Blue Valentine
tt1386588,The Other Guys
tt1790886,The Campaign
tt2106476,The Hunt
tt0050976,The Seventh Seal
tt0338751,The Aviator
tt1646971,How to Train Your Dragon 2
tt0275847,Lilo & Stitch
tt0978762,Mary and Max
tt0365830,Tenacious D in The Pick of Destiny
tt0086465,Trading Places
tt0075314,Taxi Driver
tt0106220,Addams Family Values
tt0088944,Commando
tt0105112,Patriot Games
tt0944835,Salt
tt0117500,The Rock
tt0150377,Double Jeopardy
tt2140373,Saving Mr. Banks
tt1242432,I Spit on Your Grave
tt0215129,Road Trip
tt0890870,Saw IV
tt1132626,Saw V
tt1212450,Lawless
tt0112818,Dead Man Walking
tt0398286,Tangled
tt1033643,What Happens in Vegas
tt1231587,Hot Tub Time Machine
tt0471042,Tower Heist
tt0325805,Matchstick Men
tt1127180,Drag Me to Hell
tt0115963,The Craft
tt0146675,End of Days
tt0062622,2001: A Space Odyssey
tt0120738,Lost in Space
tt1424381,Predators
tt1509767,The Three Musketeers
tt0317198,Bridget Jones: The Edge of Reason
tt0203019,Men of Honour
tt0227445,The Score
tt0119925,The Postman
tt0092563,Angel Heart
tt1186830,Agora
tt2042568,Inside Llewyn Davis
tt0376994,X-Men: The Last Stand
tt0416449,300
tt1591479,Act of Valor
tt0498399,We Own the Night
tt0119081,Event Horizon
tt0099810,The Hunt for Red October
tt0346491,Alexander
tt2334649,Fruitvale Station
tt0120601,Being John Malkovich
tt0472062,Charlie Wilson's War
tt0108550,What's Eating Gilbert Grape
tt0095705,The Naked Gun: From the Files of Police Squad!
tt0074958,Network
tt0077416,The Deer Hunter
tt0453556,TMNT
tt0397535,Memoirs of a Geisha
tt1038988,[Rec]
tt0397892,Bolt
tt1843866,Captain America: The Winter Soldier
tt0397101,The Skeleton Key
tt1023111,Never Back Down
tt0120177,Spawn
tt0349683,King Arthur
tt0120667,Fantastic Four
tt0486576,Fantastic 4: Rise of the Silver Surfer
tt0120791,Practical Magic
tt0082010,An American Werewolf in London
tt0250797,Unfaithful
tt0099871,Jacob's Ladder
tt0196229,Zoolander
tt1142977,Frankenweenie
tt0088323,The NeverEnding Story
tt0430357,Miami Vice
tt0405296,A Scanner Darkly
tt2209418,Before Midnight
tt0374900,Napoleon Dynamite
tt0445934,Blades of Glory
tt0377092,Mean Girls
tt0322330,Freaky Friday
tt0247638,The Princess Diaries
tt0368933,The Princess Diaries 2: Royal Engagement
tt0361862,The Machinist
tt0088011,Romancing the Stone
tt0109707,Ed Wood
tt0450385,1408
tt0117666,Sling Blade
tt0258000,Panic Room
tt0385752,The Golden Compass
tt0107614,Mrs. Doubtfire
tt0113497,Jumanji
tt0106856,Falling Down
tt0103772,Basic Instinct
tt0120201,Starship Troopers
tt0465551,Notes on a Scandal
tt0186151,Frequency
tt0496806,Ocean's Thirteen
tt0128442,Rounders
tt0206314,Roadkill
tt0070735,The Sting
tt0313737,Two Weeks Notice
tt0118571,Air Force One
tt0379786,Serenity
tt0439815,Slither
tt0160862,She's All That
tt0119345,I Know What You Did Last Summer
tt0120885,Wag the Dog
tt0117665,Sleepers
tt0118928,Dante's Peak
tt0186566,Space Cowboys
tt0120812,Rush Hour
tt0106519,Carlito's Way
tt1091191,Lone Survivor
tt0077975,Animal House
tt0230011,Atlantis: The Lost Empire
tt0066999,Dirty Harry
tt0093177,Hellraiser
tt0110148,Interview with the Vampire: The Vampire Chronicles
tt0113855,Mortal Kombat
tt0097742,Licence to Kill
tt0410297,The Lake House
tt0289765,Red Dragon
tt0367959,Hannibal Rising
tt0335119,Girl with a Pearl Earring
tt1563738,One Day
tt0862846,Sunshine Cleaning
tt0389722,30 Days of Night
tt0117218,The Nutty Professor
tt0758766,Music and Lyrics
tt0212346,Miss Congeniality
tt0082398,For Your Eyes Only
tt0090264,A View to a Kill
tt0106918,The Firm
tt0171804,Boys Don't Cry
tt1939659,Carrie
tt0057546,The Sword in the Stone
tt0064276,Easy Rider
tt0259324,Ghost Rider
tt0286716,Hulk
tt0243133,The Man Who Wasn't There
tt1242460,We Need to Talk About Kevin
tt0360201,Wimbledon
tt2302755,Olympus Has Fallen
tt2333784,The Expendables 3
tt0079501,Mad Max
tt0139134,Cruel Intentions
tt0433400,Just Friends
tt1462758,Buried
tt0114746,Twelve Monkeys
tt0105695,Unforgiven
tt1205489,Gran Torino
tt0213149,Pearl Harbor
tt0425210,Lucky Number Slevin
tt0158983,South Park: Bigger Longer & Uncut
tt0372588,Team America: World Police
tt0454945,She's the Man
tt0963794,The Ruins
tt1399683,Winter's Bone
tt1448755,Killer Elite
tt0181865,Traffic
tt0365737,Syriana
tt0391304,A Lot Like Love
tt0462200,Black Snake Moan
tt0864761,The Duchess
tt0112442,Bad Boys
tt0432021,Resident Evil: Extinction
tt0277296,The Scorpion King
tt0338526,Van Helsing
tt0396171,Perfume: The Story of a Murderer
tt0270288,Confessions of a Dangerous Mind
tt1727388,The Way Way Back
tt1078912,Night at the Museum 2
tt0257076,S.W.A.T.
tt1726669,Killer Joe
tt1001508,He's Just Not That Into You
tt2024432,Identity Thief
tt2404463,The Heat
tt0115433,101 Dalmatians
tt0187393,The Patriot
tt0129167,The Iron Giant
tt0126886,Election
tt0112471,Before Sunrise
tt1506999,Haywire
tt0989757,Dear John
tt1655420,My Week with Marilyn
tt1161864,The Rite
tt1598822,New Year's Eve
tt0817230,Valentine's Day
tt1204975,Last Vegas
tt2209764,Transcendence
tt0119528,Liar Liar
tt0230600,The Others
tt0134119,The Talented Mr. Ripley
tt2177771,The Monuments Men
tt0421073,Street Kings
tt0144117,The Boondock Saints
tt1139328,The Ghost
tt0067185,Harold and Maude
tt0362270,The Life Aquatic with Steve Zissou
tt0367089,The Squid and the Whale
tt0091203,Highlander
tt0345950,The SpongeBob SquarePants Movie
tt0118749,Boogie Nights
tt1057500,Invictus
tt1615065,Savages
tt1232200,That's My Boy
tt1135985,Sex Drive
tt0278504,Insomnia
tt0485947,Mr. Nobody
tt0080120,The Warriors
tt0082198,Conan the Barbarian
tt0094291,Wall Street
tt0075005,The Omen
tt0339291,A Series of Unfortunate Events
tt1282140,Easy A
tt1667353,Mirror Mirror: The Untold Adventures of Snow White
tt1211956,Escape Plan
tt1220634,Resident Evil: Afterlife
tt1855325,Resident Evil: Retribution
tt0449010,Eragon
tt0100935,Wild at Heart
tt0480242,Dan in Real Life
tt2557490,A Million Ways to Die in the West
tt0448157,Hancock
tt0086066,The Outsiders
tt0087538,The Karate Kid
tt0486946,Wild Hogs
tt0283111,Van Wilder: Party Liaison
tt0211933,Awake
tt1631867,Edge of Tomorrow
tt0316396,Peter Pan
tt0120623,A Bug's Life
tt0032551,The Grapes of Wrath
tt0181316,Blue Streak
tt0086567,WarGames
tt0327850,Welcome to the Jungle
tt0414852,District 13
tt0429493,The A-Team
tt0293662,The Transporter
tt0465602,Shoot 'Em Up
tt0936501,Taken
tt0083944,First Blood
tt0083907,The Evil Dead
tt1220198,The Fourth Kind
tt0404032,The Exorcism of Emily Rose
tt0391198,The Grudge
tt0790686,Mirrors
tt0435625,The Descent
tt1188729,Pandorum
tt0455760,Dead Silence
tt1023114,The Way Back
tt1649419,The Impossible
tt1210166,Moneyball
tt0964517,The Fighter
tt1130884,Shutter Island
tt1028532,Hachi: A Dog's Tale
tt1255953,Incendies
tt1832382,A Separation
tt1187043,3 Idiots
tt2015381,Guardians of the Galaxy
tt1675434,Untouchable
tt1258197,Exam
tt0371257,Stay
tt1403981,Remember Me
tt0309698,Identity
tt0289992,The Life of David Gale
tt0783233,Atonement
tt0169547,American Beauty
tt0230838,Sweet November
tt0425123,Just Like Heaven
tt0431308,P.S. I Love You
tt0281358,A Walk to Remember
tt0446755,The Painted Veil
tt0364517,Love Me If You Dare
tt0332280,The Notebook
tt2582846,The Fault in Our Stars
tt2267998,Gone Girl
tt2713180,Fury
tt0816692,Interstellar
tt1951265,The Hunger Games: Mockingjay - Part 1
tt1528100,Exodus: Gods and Kings
tt2310332,The Hobbit: The Battle of the Five Armies
tt1121096,Seventh Son
tt1617661,Jupiter Ascending
tt1392190,Mad Max: Fury Road
tt2395427,Avengers: Age of Ultron
tt0369610,Jurassic World
tt1340138,Terminator Genisys
tt0478970,Ant-Man
tt2379713,Spectre
tt2488496,Star Wars: Episode VII - The Force Awakens
tt1431045,Deadpool
tt1441395,Under the Skin
tt1956620,Sex Tape
tt2377322,Deliver Us from Evil
tt1528071,Horns
tt0047478,Seven Samurai
tt0118799,Life Is Beautiful
tt0021749,City Lights
tt0986264,Like Stars on Earth
tt0032553,The Great Dictator
tt0050825,Paths of Glory
tt0405508,Rang De Basanti
tt0053125,North by Northwest
tt0045152,Singin' in the Rain
tt0055630,Yojimbo
tt0040897,The Treasure of the Sierra Madre
tt0059578,For a Few Dollars More
tt0017925,The General
tt0050986,Wild Strawberries
tt0015864,The Gold Rush
tt0096283,My Neighbor Totoro
tt0169102,Lagaan: Once Upon a Time in India
tt0025316,It Happened One Night
tt0033870,The Maltese Falcon
tt0060827,Persona
tt2265171,The Raid 2
tt0052618,Ben-Hur
tt0353969,Memories of Murder
tt0044079,Strangers on a Train
tt0044706,High Noon
tt0048424,The Night of the Hunter
tt0118694,In the Mood for Love
tt0114924,While You Were Sleeping
tt2024469,Non-Stop
tt0420223,Stranger Than Fiction
tt0120746,The Mask of Zorro
tt1599348,Safe House
tt0079817,Rocky II
tt0084602,Rocky III
tt0089927,Rocky IV
tt0100507,Rocky V
tt0089880,Rambo: First Blood Part II
tt0070034,Enter the Dragon
tt2180411,Into the Woods
tt2096672,Dumb and Dumber To
tt1674771,Entourage
tt0066995,Diamonds Are Forever
tt0067992,Willy Wonka & the Chocolate Factory
tt0069704,American Graffiti
tt0070511,Papillon
tt0071315,Chinatown
tt2245084,Big Hero 6
tt2446042,Taken 3
tt1872194,The Judge
tt0829150,Dracula Untold
tt3316960,Still Alice
tt3322940,Annabelle
tt2980516,The Theory of Everything
tt2980592,The Guest
tt2562232,Birdman or (The Unexpected Virtue of Ignorance)
tt2911666,John Wick
tt2338151,PK
tt1921064,Pompeii
tt1600196,The Drop
tt0365907,A Walk Among the Tombstones
tt1911658,Penguins of Madagascar
tt2788710,The Interview
tt1100089,Foxcatcher
tt0356150,EuroTrip
tt0815245,The Uninvited
tt1262416,Scream 4
tt0457510,Nacho Libre
tt2103281,Dawn of the Planet of the Apes
tt0175142,Scary Movie
tt0421715,The Curious Case of Benjamin Button
tt1144884,The Final Destination
tt0486551,Beerfest
tt0290673,Irreversible
tt1622979,Final Destination 5
tt2883512,Chef
tt1538403,The Mortal Instruments: City of Bones
tt1465522,Tucker and Dale vs. Evil
tt2234155,The Internship
tt1839492,Ruby Sparks
tt0477080,Unstoppable
tt0095953,Rain Man
tt0488120,Fracture
tt0107207,In the Name of the Father
tt1013743,Knight and Day
tt2802144,Kingsman: The Secret Service
tt1027718,Wall Street: Money Never Sleeps
tt0056217,The Man Who Shot Liberty Valance
tt0054698,Breakfast at Tiffany's
tt1409024,Men in Black 3
tt0236493,The Mexican
tt0102057,Hook
tt1606389,The Vow
tt1077368,Dark Shadows
tt0074486,Eraserhead
tt1234548,The Men Who Stare at Goats
tt0366548,Happy Feet
tt0101540,Cape Fear
tt1124035,The Ides of March
tt2872732,Lucy
tt0448011,Knowing
tt1401152,Unknown
tt0119173,G.I. Jane
tt0308644,Finding Neverland
tt0155267,The Thomas Crown Affair
tt0114898,Waterworld
tt0821640,Ghosts of Girlfriends Past
tt2431286,Philomena
tt1959490,Noah
tt0472043,Apocalypto
tt0435705,Next
tt0087469,Indiana Jones and the Temple of Doom
tt0094898,Coming to America
tt0120855,Tarzan
tt0465234,National Treasure: Book of Secrets
tt2312718,Homefront
tt1077258,Planet Terror
tt0114148,Pocahontas
tt0449467,Babel
tt0099077,Awakenings
tt1645170,The Dictator
tt0317919,Mission: Impossible III
tt1327773,The Butler
tt0244244,Swordfish
tt0114508,Species
tt0970416,The Day the Earth Stood Still
tt1411238,No Strings Attached
tt0452694,The Time Traveller's Wife
tt0406375,Zathura: A Space Adventure
tt1291150,Teenage Mutant Ninja Turtles
tt0985694,Machete
tt1336608,Rock of Ages
tt0348836,Gothika
tt1458175,The Next Three Days
tt1924435,Let's Be Cops
tt1924396,Deception
tt0758752,Love & Other Drugs
tt0408839,The Heartbreak Kid
tt0421082,Control
tt1389137,We Bought a Zoo
tt2884206,I Origins
tt1517260,The Host
tt0129290,Patch Adams
tt0177971,The Perfect Storm
tt1560747,The Master
tt0463998,Freedom Writers
tt1433811,Disconnect
tt1440292,Submarine
tt0272338,Punch-Drunk Love
tt2582802,Whiplash
tt1661199,Cinderella
tt2321549,The Babadook
tt2203939,The Other Woman
tt0988595,27 Dresses
tt2084970,The Imitation Game
tt2179136,American Sniper
tt2872718,Nightcrawler
tt0465538,Michael Clayton
tt2397535,Predestination
tt0457513,Scoop
tt1187064,Triangle
tt0457430,Pan's Labyrinth
tt1931533,Seven Psychopaths
tt1924429,Trance
tt0089530,Mad Max Beyond Thunderdome
tt0470752,Ex Machina
tt4046784,Maze Runner: The Scorch Trials
tt1355683,Black Mass
tt1798684,Southpaw
tt1951266,The Hunger Games: Mockingjay - Part 2
tt3416742,What We Do in the Shadows
tt1922777,Sinister
tt1809398,Unbroken
tt2170593,St. Vincent
tt1126590,Big Eyes
tt0266308,Battle Royale
tt0095327,Grave of the Fireflies
tt0094625,Akira
tt0097814,Kiki's Delivery Service
tt0787475,Hot Rod
tt0929632,Precious
tt0027977,Modern Times
tt0825232,The Bucket List
tt0375912,Layer Cake
tt3079380,Spy
tt0120657,The 13th Warrior
tt0077402,Dawn of the Dead
tt0072271,The Texas Chain Saw Massacre
tt0022100,M
tt0017136,Metropolis
tt2126355,San Andreas
tt2293640,Minions
tt2096673,Inside Out
tt1964418,Tomorrowland: A World Beyond
tt2908446,Insurgent
tt2305051,Wild
tt1235166,A Prophet
tt1723811,Shame
tt2357129,Jobs
tt0448134,Sunshine
tt1772341,Wreck-It Ralph
tt0498380,Letters from Iwo Jima
tt0104691,The Last of the Mohicans
tt0332379,School of Rock
tt1189073,The Skin I Live In
tt1020072,Selma
tt0340377,The Station Agent
tt0109506,The Crow
tt1355630,If I Stay
tt1188996,My Name Is Khan
tt0790736,R.I.P.D.
tt1243957,The Tourist
tt2370248,Short Term 12
tt1568911,War Horse
tt0914798,The Boy in the Striped Pyjamas
tt0040522,Bicycle Thieves
tt0091064,The Fly
tt0277434,We Were Soldiers
tt0070379,Mean Streets
tt0097441,Glory
tt3076658,Creed
tt2848292,Pitch Perfect 2
tt1078588,My Sister's Keeper
tt0249462,Billy Elliot
tt0383216,The Pink Panther
tt1111422,The Taking of Pelham 1 2 3
tt1601913,The Grey
tt0443680,The Assassination of Jesse James by the Coward Robert Ford
tt1139797,Let the Right One In
tt0107818,Philadelphia
tt1060277,Cloverfield
tt0758774,Body of Lies
tt0012349,The Kid
tt0058461,A Fistful of Dollars
tt0163978,The Beach
tt0397065,House of Wax
tt1306980,50/50
tt1322269,August: Osage County
tt1980929,Begin Again
tt1053424,Repo Men
tt1625346,Young Adult
tt1899353,The Raid
tt2692250,Night at the Museum: Secret of the Tomb
tt0120631,Ever After: A Cinderella Story
tt0975645,Hitchcock
tt0480255,The Losers
tt0804497,It's Kind of a Funny Story
tt0112642,Casper
tt0119282,Hercules
tt0388125,In Her Shoes
tt0100263,Nikita
tt0245844,The Count of Monte Cristo
tt0285823,Once Upon a Time in Mexico
tt0465494,Hitman
tt0112851,Desperado
tt0808151,Angels & Demons
tt0113749,Mallrats
tt0118842,Chasing Amy
tt0120632,City of Angels
tt1277953,Madagascar 3: Europe's Most Wanted
tt0479952,Madagascar: Escape 2 Africa
tt1302011,Kung Fu Panda 2
tt0413267,Shrek the Third
tt0112281,Ace Ventura: When Nature Calls
tt1029234,Martyrs
tt1148204,Orphan
tt1259521,The Cabin in the Woods
tt0780521,The Princess and the Frog
tt0097757,The Little Mermaid
tt1823672,Chappie
tt0460740,Cashback
tt0338337,Paycheck
tt0113101,Four Rooms
tt0182789,Bicentennial Man
tt1305806,The Secret in Their Eyes
tt0077928,Midnight Express
tt0112579,The Bridges of Madison County
tt0365686,Revolver
tt1272878,2 Guns
tt0305224,Anger Management
tt1411250,Riddick
tt0116136,DragonHeart
tt0438097,Ice Age: The Meltdown
tt1477076,Saw 3D
tt1233227,Saw VI
tt0419706,Doom
tt0879870,Eat Pray Love
tt0861689,Blindness
tt0419887,The Kite Runner
tt0104694,A League of Their Own
tt0104348,Glengarry Glen Ross
tt0426931,August Rush
tt0109444,Clear and Present Danger
tt1195478,The Five-Year Engagement
tt1216487,The Girl Who Played with Fire
tt3011894,Wild Tales
tt0084503,Pink Floyd The Wall
tt1054606,The Imaginarium of Doctor Parnassus
tt0472033,9
tt0311429,The League of Extraordinary Gentlemen
tt2358891,The Great Beauty
tt0061512,Cool Hand Luke
tt0455944,The Equalizer
tt1034303,Defiance
tt0330793,The Punisher
tt0154506,Following
tt0338348,The Polar Express
tt1692486,Carnage
tt1028528,Death Proof
tt0043014,Sunset Boulevard
tt0132477,October Sky
tt1990314,Robot & Frank
tt2002718,Machete Kills
tt1912398,God Bless America
tt1540133,The Guard
tt1549572,Another Earth
tt0247745,Super Troopers
tt3063516,Bad Grandpa
tt1034314,Iron Sky
tt2184339,The Purge
tt0079417,Kramer vs. Kramer
tt0093822,Raising Arizona
tt0101410,Barton Fink
tt0185014,Wonder Boys
tt2125435,Beasts of the Southern Wild
tt0105417,Sister Act
tt0363988,Secret Window
tt0118607,Amistad
tt0164334,Along Came a Spider
tt0164184,The Sum of All Fears
tt0362478,The Box
tt0088939,The Color Purple
tt0373926,The Interpreter
tt0986263,Surrogates
tt0305711,Just Married
tt1038919,The Bounty Hunter
tt0808279,Funny Games
tt0138704,Pi
tt1532503,Beginners
tt0097493,Heathers
tt0024216,King Kong
tt0029583,Snow White and the Seven Dwarfs
tt2179116,The Kings of Summer
tt1307068,Seeking a Friend for the End of the World
tt0816462,Conan the Barbarian
tt0183790,A Knight's Tale
tt0287978,Daredevil
tt3460252,The Hateful Eight
tt1512235,Super
tt1486192,The Raven
tt1656190,Safe
tt1606378,A Good Day to Die Hard
tt0057076,From Russia with Love
tt1371150,This Is Where I Leave You
tt0477302,Extremely Loud & Incredibly Close
tt1650062,Super 8
tt1019452,A Serious Man
tt0366627,The Jacket
tt1172570,Bronson
tt1229822,Jane Eyre
tt0113568,Ghost in the Shell
tt0103874,Dracula
tt0370986,Mysterious Skin
tt0112461,The Basketball Diaries
tt1352824,Chloe
tt1911644,The Call
tt0914863,Unthinkable
tt0141926,U-571
tt0120890,Wild Things
tt0111495,Three Colours: Red
tt1853739,You're Next
tt0841046,Walk Hard: The Dewey Cox Story
tt0116778,Kingpin
tt0085995,Vacation
tt0390384,Primer
tt1164999,Biutiful
tt1179034,From Paris with Love
tt2404311,The Family
tt0765443,Eastern Promises
tt0132347,Mystery Men
tt0490204,Reign Over Me
tt1568338,Man on a Ledge
tt0314353,Tears of the Sun
tt0790628,The Incredible Burt Wonderstone
tt2975578,The Purge: Anarchy
tt0373051,Journey to the Center of the Earth
tt0125664,Man on the Moon
tt0205000,Deuce Bigalow: Male Gigolo
tt0117705,Space Jam
tt2387433,Dark Skies
tt0251736,House of 1000 Corpses
tt0245674,Thir13en Ghosts
tt0873886,Red State
tt1440728,The American
tt0120681,From Hell
tt0859163,The Mummy: Tomb of the Dragon Emperor
tt1596365,The Woman in Black
tt0115798,The Cable Guy
tt2278871,Blue Is the Warmest Colour
tt0093389,The Last Emperor
tt0108358,Tombstone
tt0870984,Antichrist
tt0433387,Harsh Times
tt1206543,Out of the Furnace
tt0765010,Brothers
tt0494238,Inkheart
tt0337921,Cellular
tt1571222,A Dangerous Method
tt0114558,Strange Days
tt0099371,Days of Thunder
tt0120889,What Dreams May Come
tt0113481,Johnny Mnemonic
tt0450188,La Vie en Rose
tt0106308,Army of Darkness
tt2561572,Get Hard
tt0117802,Swingers
tt1315981,A Single Man
tt0426883,Alpha Dog
tt0337563,13 Going on 30
tt2436386,Project Almanac
tt0462322,Grindhouse
tt1535108,Elysium
tt2193215,The Counsellor
tt0092067,Laputa: Castle in the Sky
tt0907657,Once
tt0042876,Rashomon
tt0376136,The Rum Diary
tt0373883,Halloween
tt0101889,The Fisher King
tt0453451,Mr. Bean's Holiday
tt1205537,Jack Ryan: Shadow Recruit
tt0104952,My Cousin Vinny
tt0412019,Broken Flowers
tt1263670,Crazy Heart
tt0099938,Kindergarten Cop
tt0116367,From Dusk Till Dawn
tt0368008,The Manchurian Candidate
tt1374992,Upside Down
tt0106611,Cool Runnings
tt1408253,Ride Along
tt1086772,Blended
tt2004420,Bad Neighbours
tt1300851,The Boondock Saints II: All Saints Day
tt0115759,Broken Arrow
tt0462504,Rescue Dawn
tt2387559,Delivery Man
tt1340800,Tinker Tailor Soldier Spy
tt0119099,Fallen
tt0280707,Gosford Park
tt0770703,What's Your Number?
tt0368709,Elizabethtown
tt1904996,Parker
tt1980209,Pain & Gain
tt0151137,Joan of Arc
tt1038686,Legion
tt1586265,What to Expect When You're Expecting
tt1294226,The Last Song
tt1740707,Troll Hunter
tt1067583,Water for Elephants
tt0422720,Marie Antoinette
tt0259446,My Big Fat Greek Wedding
tt0458481,Sin City: A Dame to Kill For
tt0770752,Fool's Gold
tt0318649,Sahara
tt0450278,Hostel
tt0469641,World Trade Center
tt0963966,The Sorcerer's Apprentice
tt0815236,She's Out of My League
tt0424095,Flushed Away
tt1623288,ParaNorman
tt1972571,A Most Wanted Man
tt0343135,Along Came Polly
tt0335438,Starsky & Hutch
tt0184894,Shanghai Noon
tt0865556,The Forbidden Kingdom
tt0122151,Lethal Weapon 4
tt1567609,How I Spent My Summer Vacation
tt0431197,The Kingdom
tt2170439,Horrible Bosses 2
tt1488555,The Change-Up
tt0384806,The Amityville Horror
tt0091369,Labyrinth
tt0762107,I Now Pronounce You Chuck & Larry
tt0120888,The Wedding Singer
tt0402022,Æon Flux
tt0219699,The Gift
tt0414055,Elizabeth: The Golden Age
tt0118883,Conspiracy Theory
tt0107977,Robin Hood: Men in Tights
tt0427392,The Invasion
tt0418819,Land of the Dead
tt1279935,Date Night
tt0427152,Dinner for Schmucks
tt0892782,Monsters vs. Aliens
tt0256415,Sweet Home Alabama
tt0134084,Scream 3
tt0120082,Scream 2
tt1298649,The Watch
tt0452594,The Break-Up
tt0889573,The Switch
tt0307479,Solaris
tt0227538,Spy Kids
tt0250687,Rat Race
tt0947810,Green Zone
tt0355295,The Brothers Grimm
tt0285742,Monster's Ball
tt1433108,Faster
tt1267297,Hercules
tt0268695,The Time Machine
tt0420294,The Texas Chainsaw Massacre: The Beginning
tt0427327,Hairspray
tt1549920,The Last Stand
tt0114694,Tommy Boy
tt0112508,Billy Madison
tt0085334,A Christmas Story
tt0839980,Semi-Pro
tt1093908,Confessions of a Shopaholic
tt1547234,Premium Rush
tt0343737,The Good Shepherd
tt0307453,Shark Tale
tt0248667,Ali
tt0083929,Fast Times at Ridgemont High
tt1859650,To Rome with Love
tt0848537,Epic
tt0892318,Letters to Juliet
tt1386932,Ip Man 2
tt0300471,Shanghai Knights
tt0377818,The Dukes of Hazzard
tt0200550,Coyote Ugly
tt1230414,It's Complicated
tt1007029,The Iron Lady
tt0327437,Around the World in 80 Days
tt1637706,Our Idiot Brother
tt0467200,The Other Boleyn Girl
tt0304415,Mona Lisa Smile
tt0960731,Bedtime Stories
tt1121931,Crank: High Voltage
tt1129442,Transporter 3
tt0427229,Failure to Launch
tt0209475,The Wedding Planner
tt0209958,The Cell
tt0134273,8MM
tt0328880,Brother Bear
tt0335245,The Ladykillers
tt0970411,City of Ember
tt1568921,Arrietty
tt0385880,Monster House
tt0456554,Grandma's Boy
tt0452625,Good Luck Chuck
tt0100758,Teenage Mutant Ninja Turtles
tt0099582,Flatliners
tt0161081,What Lies Beneath
tt0120828,Six Days Seven Nights
tt0364045,Taking Lives
tt0433362,Daybreakers
tt0477071,Premonition
tt0498353,Hostel: Part II
tt1791528,Inherent Vice
tt2205697,Stuck in Love
tt0284837,Ali G Indahouse
tt0421054,Domino
tt0346156,Sky Captain and the World of Tomorrow
tt0406816,The Guardian
tt1103153,Killers
tt1055292,Life as We Know It
tt0288477,Ghost Ship
tt1114740,Paul Blart: Mall Cop
tt1201167,Funny People
tt0990407,The Green Hornet
tt0142342,Big Daddy
tt1351685,Jack the Giant Slayer
tt0384680,The Weather Man
tt0452637,Lady in the Water
tt0170016,How the Grinch Stole Christmas
tt0107206,In the Line of Fire
tt0274166,Johnny English
tt0325703,Lara Croft Tomb Raider: The Cradle of Life
tt1034032,Gamer
tt1764234,Killing Them Softly
tt0082340,Escape from New York
tt0090728,Big Trouble in Little China
tt0382077,Hide and Seek
tt0386140,The Legend of Zorro
tt0795351,Case 39
tt0119190,George of the Jungle
tt0371246,Spanglish
tt1289406,Harry Brown
tt1397514,Journey 2: The Mysterious Island
tt1234719,Red Dawn
tt0971209,A Perfect Getaway
tt0364970,Babylon A.D.
tt0970452,Solomon Kane
tt2101341,Dead Man Down
tt0421239,Red Eye
tt1297919,Blitz
tt0059800,Thunderball
tt0811080,Speed Racer
tt0049406,The Killing
tt0481141,No Reservations
tt0064757,On Her Majesty's Secret Service
tt2692904,Locke
tt0185431,Little Nicky
tt1840417,The Words
tt1219342,Legend of the Guardians: The Owls of Ga'Hoole
tt0483607,Doomsday
tt2023587,Mama
tt2017038,All Is Lost
tt0400717,Open Season
tt1586752,Machine Gun Preacher
tt0822847,Priest
tt0780653,The Wolfman
tt0084827,TRON
tt0464154,Piranha 3D
tt0096446,Willow
tt0119164,The Full Monty
tt0088930,Clue
tt0455407,The Crazies
tt0371606,Chicken Little
tt0472399,The Mechanic
tt1186367,Ninja Assassin
tt0416236,The Spiderwick Chronicles
tt0079945,Star Trek: The Motion Picture
tt1559547,Beautiful Creatures
tt0468492,The Host
tt1657507,Colombiana
tt1023481,Step Up 2: The Streets
tt2637276,Ted 2
tt1614989,Headhunters
tt0115685,The Birdcage
tt1130080,The Informant!
tt1258972,The Man with the Iron Fists
tt0403702,Youth in Revolt
tt1398426,Straight Outta Compton
tt0866439,Made of Honour
tt0309987,The Dreamers
tt1450321,Filth
tt0443701,The X Files: I Want to Believe
tt0264616,Frailty
tt1502404,Drive Angry
tt1126618,Morning Glory
tt0303816,Cabin Fever
tt0100814,Tremors
tt0095489,The Land Before Time
tt0387131,The Constant Gardener
tt0300556,Timeline
tt1082868,Quarantine
tt1172233,Whip It
tt1592525,Lockout
tt0302640,The Hot Chick
tt0243736,40 Days and 40 Nights
tt2109248,Transformers: Age of Extinction
tt0042332,Cinderella
tt2381249,Mission: Impossible - Rogue Nation
tt2172934,3 Days to Kill
tt1675192,Take Shelter
tt1655441,The Age of Adaline
tt0083511,48 Hrs.
tt0465580,Push
tt1152398,Beastly
tt1020558,Centurion
tt1860353,Turbo
tt0340163,Hostage
tt1284575,Bad Teacher
tt0882977,Snitch
tt0096256,They Live
tt0113540,Kids
tt0101862,Father of the Bride
tt2224026,Home
tt0300051,Jersey Girl
tt0482606,The Strangers
tt1638355,The Man from U.N.C.L.E.
tt0098084,Pet Sematary
tt0395699,The Pacifier
tt2120120,Pixels
tt1648179,Here Comes the Boom
tt0105698,Universal Soldier
tt0804461,Death Sentence
tt0133240,Treasure Planet
tt2199571,Run All Night
tt0078841,Being There
tt0348333,Waiting...
tt1524930,Vacation
tt0107120,Hocus Pocus
tt0080487,Caddyshack
tt0905372,The Thing
tt3152624,Trainwreck
tt3397884,Sicario
tt2719848,Everest
tt3569230,Legend
tt0094862,Child's Play
tt0265349,The Mothman Prophecies
tt0852713,The House Bunny
tt3659388,The Martian
tt1235522,Broken City
tt0351977,Walking Tall
tt0395584,The Devil's Rejects
tt0105690,Under Siege
tt2364841,Runner Runner
tt4178092,The Gift
tt0842926,The Kids Are All Right
tt0079574,Moonraker
tt0952640,Alvin and the Chipmunks
tt0087078,Conan the Destroyer
tt1323045,Frozen
tt2080374,Steve Jobs
tt2106361,Into the Storm
tt3682448,Bridge of Spies
tt1017460,Splice
tt1895587,Spotlight
tt3488710,The Walk
tt2554274,Crimson Peak
tt0086541,Videodrome
tt1663202,The Revenant
tt3235888,It Follows
tt0053285,Sleeping Beauty
tt0032910,Pinocchio
tt3170832,Room
tt1596363,The Big Short
tt0810819,The Danish Girl